trip_pattern,stop_id,static_offset_sec,static_stop_sequence,static_terminal_offset_sec,static_num_stops,static_remaining_sec,static_progress_pct
6..N01R,640N,0.0,1.0,3960.0,38,3960.0,0.0
6..N01R,639N,120.0,2.0,3960.0,38,3840.0,0.030303
6..N01R,638N,210.0,3.0,3960.0,38,3750.0,0.05303
6..N01R,637N,270.0,4.0,3960.0,38,3690.0,0.068182
6..N01R,636N,360.0,5.0,3960.0,38,3600.0,0.090909
6..N01R,635N,450.0,6.0,3960.0,38,3510.0,0.113636
6..N01R,634N,570.0,7.0,3960.0,38,3390.0,0.143939
6..N01R,633N,630.0,8.0,3960.0,38,3330.0,0.159091
6..N01R,632N,690.0,9.0,3960.0,38,3270.0,0.174242
6..N01R,631N,810.0,10.0,3960.0,38,3150.0,0.204545
6..N01R,630N,930.0,11.0,3960.0,38,3030.0,0.234848
6..N01R,629N,1020.0,12.0,3960.0,38,2940.0,0.257576
6..N01R,628N,1110.0,13.0,3960.0,38,2850.0,0.280303
6..N01R,627N,1230.0,14.0,3960.0,38,2730.0,0.310606
6..N01R,626N,1320.0,15.0,3960.0,38,2640.0,0.333333
6..N01R,625N,1440.0,16.0,3960.0,38,2520.0,0.363636
6..N01R,624N,1530.0,17.0,3960.0,38,2430.0,0.386364
6..N01R,623N,1590.0,18.0,3960.0,38,2370.0,0.401515
6..N01R,622N,1680.0,19.0,3960.0,38,2280.0,0.424242
6..N01R,621N,1770.0,20.0,3960.0,38,2190.0,0.44697
6..N01R,619N,1950.0,21.0,3960.0,38,2010.0,0.492424
6..N01R,618N,2040.0,22.0,3960.0,38,1920.0,0.515152
6..N01R,617N,2100.0,23.0,3960.0,38,1860.0,0.530303
6..N01R,616N,2220.0,24.0,3960.0,38,1740.0,0.560606
6..N01R,615N,2310.0,25.0,3960.0,38,1650.0,0.583333
6..N01R,614N,2400.0,26.0,3960.0,38,1560.0,0.606061
6..N01R,613N,2520.0,27.0,3960.0,38,1440.0,0.636364
6..N01R,612N,2610.0,28.0,3960.0,38,1350.0,0.659091
6..N01R,611N,2730.0,29.0,3960.0,38,1230.0,0.689394
6..N01R,610N,2790.0,30.0,3960.0,38,1170.0,0.704545
6..N01R,609N,2850.0,31.0,3960.0,38,1110.0,0.719697
6..N01R,608N,2940.0,32.0,3960.0,38,1020.0,0.742424
6..N01R,607N,3030.0,33.0,3960.0,38,930.0,0.765152
6..N01R,606N,3090.0,34.0,3960.0,38,870.0,0.780303
6..N01R,604N,3150.0,35.0,3960.0,38,810.0,0.795455
6..N01R,603N,3240.0,36.0,3960.0,38,720.0,0.818182
6..N01R,602N,3330.0,37.0,3960.0,38,630.0,0.840909
6..N01R,601N,3480.0,38.0,3960.0,38,480.0,0.878788
6..N03R,640N,0.0,1.0,3330.0,32,3330.0,0.0
6..N03R,639N,120.0,2.0,3330.0,32,3210.0,0.036036
6..N03R,638N,210.0,3.0,3330.0,32,3120.0,0.063063
6..N03R,637N,270.0,4.0,3330.0,32,3060.0,0.081081
6..N03R,636N,360.0,5.0,3330.0,32,2970.0,0.108108
6..N03R,635N,450.0,6.0,3330.0,32,2880.0,0.135135
6..N03R,634N,570.0,7.0,3330.0,32,2760.0,0.171171
6..N03R,633N,630.0,8.0,3330.0,32,2700.0,0.189189
6..N03R,632N,690.0,9.0,3330.0,32,2640.0,0.207207
6..N03R,631N,810.0,10.0,3330.0,32,2520.0,0.243243
6..N03R,630N,930.0,11.0,3330.0,32,2400.0,0.279279
6..N03R,629N,1020.0,12.0,3330.0,32,2310.0,0.306306
6..N03R,628N,1110.0,13.0,3330.0,32,2220.0,0.333333
6..N03R,627N,1230.0,14.0,3330.0,32,2100.0,0.369369
6..N03R,626N,1320.0,15.0,3330.0,32,2010.0,0.396396
6..N03R,625N,1440.0,16.0,3330.0,32,1890.0,0.432432
6..N03R,624N,1530.0,17.0,3330.0,32,1800.0,0.459459
6..N03R,623N,1590.0,18.0,3330.0,32,1740.0,0.477477
6..N03R,622N,1680.0,19.0,3330.0,32,1650.0,0.504505
6..N03R,621N,1770.0,20.0,3330.0,32,1560.0,0.531532
6..N03R,619N,1950.0,21.0,3330.0,32,1380.0,0.585586
6..N03R,618N,2040.0,22.0,3330.0,32,1290.0,0.612613
6..N03R,617N,2100.0,23.0,3330.0,32,1230.0,0.630631
6..N03R,616N,2220.0,24.0,3330.0,32,1110.0,0.666667
6..N03R,615N,2310.0,25.0,3330.0,32,1020.0,0.693694
6..N03R,614N,2400.0,26.0,3330.0,32,930.0,0.720721
6..N03R,613N,2520.0,27.0,3330.0,32,810.0,0.756757
6..N03R,612N,2760.0,28.0,3330.0,32,570.0,0.828829
6..N03R,611N,2880.0,29.0,3330.0,32,450.0,0.864865
6..N03R,610N,2940.0,30.0,3330.0,32,390.0,0.882883
6..N03R,609N,3000.0,31.0,3330.0,32,330.0,0.900901
6..N03R,608N,3090.0,32.0,3330.0,32,240.0,0.927928
6..N03X021,640N,0.0,1.0,3060.0,28,3060.0,0.0
6..N03X021,639N,120.0,2.0,3060.0,28,2940.0,0.039216
6..N03X021,638N,210.0,3.0,3060.0,28,2850.0,0.068627
6..N03X021,637N,270.0,4.0,3060.0,28,2790.0,0.088235
6..N03X021,636N,360.0,5.0,3060.0,28,2700.0,0.117647
6..N03X021,635N,450.0,6.0,3060.0,28,2610.0,0.147059
6..N03X021,634N,570.0,7.0,3060.0,28,2490.0,0.186275
6..N03X021,633N,630.0,8.0,3060.0,28,2430.0,0.205882
6..N03X021,632N,690.0,9.0,3060.0,28,2370.0,0.22549
6..N03X021,631N,810.0,10.0,3060.0,28,2250.0,0.264706
6..N03X021,630N,930.0,11.0,3060.0,28,2130.0,0.303922
6..N03X021,629N,1020.0,12.0,3060.0,28,2040.0,0.333333
6..N03X021,628N,1110.0,13.0,3060.0,28,1950.0,0.362745
6..N03X021,627N,1230.0,14.0,3060.0,28,1830.0,0.401961
6..N03X021,626N,1320.0,15.0,3060.0,28,1740.0,0.431373
6..N03X021,625N,1440.0,16.0,3060.0,28,1620.0,0.470588
6..N03X021,624N,1530.0,17.0,3060.0,28,1530.0,0.5
6..N03X021,623N,1590.0,18.0,3060.0,28,1470.0,0.519608
6..N03X021,622N,1680.0,19.0,3060.0,28,1380.0,0.54902
6..N03X021,621N,1770.0,20.0,3060.0,28,1290.0,0.578431
6..N03X021,619N,1950.0,21.0,3060.0,28,1110.0,0.637255
6..N03X021,618N,2040.0,22.0,3060.0,28,1020.0,0.666667
6..N03X021,617N,2100.0,23.0,3060.0,28,960.0,0.686275
6..N03X021,616N,2220.0,24.0,3060.0,28,840.0,0.72549
6..N03X021,615N,2310.0,25.0,3060.0,28,750.0,0.754902
6..N03X021,614N,2400.0,26.0,3060.0,28,660.0,0.784314
6..N03X021,613N,2520.0,27.0,3060.0,28,540.0,0.823529
6..N03X021,608N,2970.0,28.0,3060.0,28,90.0,0.970588
6..N06R,640N,0.0,1.0,2040.0,21,2040.0,0.0
6..N06R,639N,120.0,2.0,2040.0,21,1920.0,0.058824
6..N06R,638N,210.0,3.0,2040.0,21,1830.0,0.102941
6..N06R,637N,270.0,4.0,2040.0,21,1770.0,0.132353
6..N06R,636N,360.0,5.0,2040.0,21,1680.0,0.176471
6..N06R,635N,450.0,6.0,2040.0,21,1590.0,0.220588
6..N06R,634N,570.0,7.0,2040.0,21,1470.0,0.279412
6..N06R,633N,630.0,8.0,2040.0,21,1410.0,0.308824
6..N06R,632N,690.0,9.0,2040.0,21,1350.0,0.338235
6..N06R,631N,810.0,10.0,2040.0,21,1230.0,0.397059
6..N06R,630N,990.0,11.0,2040.0,21,1050.0,0.485294
6..N06R,629N,1080.0,12.0,2040.0,21,960.0,0.529412
6..N06R,628N,1200.0,13.0,2040.0,21,840.0,0.588235
6..N06R,627N,1290.0,14.0,2040.0,21,750.0,0.632353
6..N06R,626N,1410.0,15.0,2040.0,21,630.0,0.691176
6..N06R,625N,1530.0,16.0,2040.0,21,510.0,0.75
6..N06R,624N,1620.0,17.0,2040.0,21,420.0,0.794118
6..N06R,623N,1680.0,18.0,2040.0,21,360.0,0.823529
6..N06R,622N,1770.0,19.0,2040.0,21,270.0,0.867647
6..N06R,621N,1860.0,20.0,2040.0,21,180.0,0.911765
6..N06R,619N,2040.0,21.0,2040.0,21,0.0,1.0
6..S01R,601S,0.0,1.0,3870.0,38,3870.0,0.0
6..S01R,602S,150.0,2.0,3870.0,38,3720.0,0.03876
6..S01R,603S,240.0,3.0,3870.0,38,3630.0,0.062016
6..S01R,604S,330.0,4.0,3870.0,38,3540.0,0.085271
6..S01R,606S,420.0,5.0,3870.0,38,3450.0,0.108527
6..S01R,607S,480.0,6.0,3870.0,38,3390.0,0.124031
6..S01R,608S,600.0,7.0,3870.0,38,3270.0,0.155039
6..S01R,609S,690.0,8.0,3870.0,38,3180.0,0.178295
6..S01R,610S,780.0,9.0,3870.0,38,3090.0,0.20155
6..S01R,611S,840.0,10.0,3870.0,38,3030.0,0.217054
6..S01R,612S,930.0,11.0,3870.0,38,2940.0,0.24031
6..S01R,613S,1050.0,12.0,3870.0,38,2820.0,0.271318
6..S01R,614S,1170.0,13.0,3870.0,38,2700.0,0.302326
6..S01R,615S,1260.0,14.0,3870.0,38,2610.0,0.325581
6..S01R,616S,1350.0,15.0,3870.0,38,2520.0,0.348837
6..S01R,617S,1470.0,16.0,3870.0,38,2400.0,0.379845
6..S01R,618S,1530.0,17.0,3870.0,38,2340.0,0.395349
6..S01R,619S,1620.0,18.0,3870.0,38,2250.0,0.418605
6..S01R,621S,1800.0,19.0,3870.0,38,2070.0,0.465116
6..S01R,622S,1890.0,20.0,3870.0,38,1980.0,0.488372
6..S01R,623S,1980.0,21.0,3870.0,38,1890.0,0.511628
6..S01R,624S,2040.0,22.0,3870.0,38,1830.0,0.527132
6..S01R,625S,2130.0,23.0,3870.0,38,1740.0,0.550388
6..S01R,626S,2250.0,24.0,3870.0,38,1620.0,0.581395
6..S01R,627S,2370.0,25.0,3870.0,38,1500.0,0.612403
6..S01R,628S,2490.0,26.0,3870.0,38,1380.0,0.643411
6..S01R,629S,2580.0,27.0,3870.0,38,1290.0,0.666667
6..S01R,630S,2700.0,28.0,3870.0,38,1170.0,0.697674
6..S01R,631S,2820.0,29.0,3870.0,38,1050.0,0.728682
6..S01R,632S,2940.0,30.0,3870.0,38,930.0,0.75969
6..S01R,633S,3000.0,31.0,3870.0,38,870.0,0.775194
6..S01R,634S,3060.0,32.0,3870.0,38,810.0,0.790698
6..S01R,635S,3150.0,33.0,3870.0,38,720.0,0.813953
6..S01R,636S,3240.0,34.0,3870.0,38,630.0,0.837209
6..S01R,637S,3330.0,35.0,3870.0,38,540.0,0.860465
6..S01R,638S,3390.0,36.0,3870.0,38,480.0,0.875969
6..S01R,639S,3480.0,37.0,3870.0,38,390.0,0.899225
6..S01R,640S,3600.0,38.0,3870.0,38,270.0,0.930233
6..S03R,608S,0.0,1.0,3630.0,32,3630.0,0.0
6..S03R,609S,90.0,2.0,3630.0,32,3540.0,0.024793
6..S03R,610S,180.0,3.0,3630.0,32,3450.0,0.049587
6..S03R,611S,240.0,4.0,3630.0,32,3390.0,0.066116
6..S03R,612S,330.0,5.0,3630.0,32,3300.0,0.090909
6..S03R,613S,450.0,6.0,3630.0,32,3180.0,0.123967
6..S03R,614S,600.0,7.0,3630.0,32,3030.0,0.165289
6..S03R,615S,690.0,8.0,3630.0,32,2940.0,0.190083
6..S03R,616S,780.0,9.0,3630.0,32,2850.0,0.214876
6..S03R,617S,900.0,10.0,3630.0,32,2730.0,0.247934
6..S03R,618S,960.0,11.0,3630.0,32,2670.0,0.264463
6..S03R,619S,1050.0,12.0,3630.0,32,2580.0,0.289256
6..S03R,621S,1230.0,13.0,3630.0,32,2400.0,0.338843
6..S03R,622S,1380.0,14.0,3630.0,32,2250.0,0.380165
6..S03R,623S,1440.0,15.0,3630.0,32,2190.0,0.396694
6..S03R,624S,1530.0,16.0,3630.0,32,2100.0,0.421488
6..S03R,625S,1620.0,17.0,3630.0,32,2010.0,0.446281
6..S03R,626S,1740.0,18.0,3630.0,32,1890.0,0.479339
6..S03R,627S,1860.0,19.0,3630.0,32,1770.0,0.512397
6..S03R,628S,1950.0,20.0,3630.0,32,1680.0,0.53719
6..S03R,629S,2070.0,21.0,3630.0,32,1560.0,0.570248
6..S03R,630S,2190.0,22.0,3630.0,32,1440.0,0.603306
6..S03R,631S,2310.0,23.0,3630.0,32,1320.0,0.636364
6..S03R,632S,2460.0,24.0,3630.0,32,1170.0,0.677686
6..S03R,633S,2520.0,25.0,3630.0,32,1110.0,0.694215
6..S03R,634S,2580.0,26.0,3630.0,32,1050.0,0.710744
6..S03R,635S,2700.0,27.0,3630.0,32,930.0,0.743802
6..S03R,636S,2790.0,28.0,3630.0,32,840.0,0.768595
6..S03R,637S,2910.0,29.0,3630.0,32,720.0,0.801653
6..S03R,638S,2970.0,30.0,3630.0,32,660.0,0.818182
6..S03R,639S,3060.0,31.0,3630.0,32,570.0,0.842975
6..S03R,640S,3210.0,32.0,3630.0,32,420.0,0.884298
6..S06R,619S,0.0,1.0,2370.0,21,2370.0,0.0
6..S06R,621S,240.0,2.0,2370.0,21,2130.0,0.101266
6..S06R,622S,375.0,3.0,2370.0,21,1995.0,0.158228
6..S06R,623S,435.0,4.0,2370.0,21,1935.0,0.183544
6..S06R,624S,525.0,5.0,2370.0,21,1845.0,0.221519
6..S06R,625S,645.0,6.0,2370.0,21,1725.0,0.272152
6..S06R,626S,765.0,7.0,2370.0,21,1605.0,0.322785
6..S06R,627S,885.0,8.0,2370.0,21,1485.0,0.373418
6..S06R,628S,990.0,9.0,2370.0,21,1380.0,0.417722
6..S06R,629S,1095.0,10.0,2370.0,21,1275.0,0.462025
6..S06R,630S,1200.0,11.0,2370.0,21,1170.0,0.506329
6..S06R,631S,1320.0,12.0,2370.0,21,1050.0,0.556962
6..S06R,632S,1440.0,13.0,2370.0,21,930.0,0.607595
6..S06R,633S,1530.0,14.0,2370.0,21,840.0,0.64557
6..S06R,634S,1590.0,15.0,2370.0,21,780.0,0.670886
6..S06R,635S,1710.0,16.0,2370.0,21,660.0,0.721519
6..S06R,636S,1800.0,17.0,2370.0,21,570.0,0.759494
6..S06R,637S,1890.0,18.0,2370.0,21,480.0,0.797468
6..S06R,638S,1980.0,19.0,2370.0,21,390.0,0.835443
6..S06R,639S,2070.0,20.0,2370.0,21,300.0,0.873418
6..S06R,640S,2190.0,21.0,2370.0,21,180.0,0.924051
